<?xml version="1.0" encoding="UTF-8"?>
<project-private xmlns="http://www.netbeans.org/ns/project-private/1">
    <editor-bookmarks xmlns="http://www.netbeans.org/ns/editor-bookmarks/2" lastBookmarkId="0"/>
    <open-files xmlns="http://www.netbeans.org/ns/projectui-open-files/2">
        <group>
            <file>file:/C:/Users/Admin/Documents/NetBeansProjects/PersonItemCrud/src/personitemcrud/Main.java</file>
            <file>file:/C:/Users/Admin/Documents/NetBeansProjects/PersonItemCrud/src/personitemcrud/PersonItemCrud.java</file>
            <file>file:/C:/Users/Admin/Documents/NetBeansProjects/PersonItemCrud/src/personitemcrud/Person.java</file>
            <file>file:/C:/Users/Admin/Documents/NetBeansProjects/PersonItemCrud/src/personitemcrud/ItemTable.java</file>
            <file>file:/C:/Users/Admin/Documents/NetBeansProjects/PersonItemCrud/src/personitemcrud/Item.java</file>
            <file>file:/C:/Users/Admin/Documents/NetBeansProjects/PersonItemCrud/src/personitemcrud/PersonTable.java</file>
        </group>
    </open-files>
</project-private>
